epoch;loss;lr;val_loss
0;0.00028239088715054095;0.000100000005;0.00023295679420698434
1;0.0001806350046535954;0.000100000005;0.0001738647260935977
