epoch;loss;lr;val_loss
0;0.0358889177441597;0.001;0.0005472794873639941
1;0.00035388479591347277;0.001;0.0007760431035421789
2;2.6416255423100665e-05;0.00020000001;2.7900792701984756e-05
3;2.8496700906543992e-05;0.00020000001;7.268169429153204e-05
