epoch;loss;lr;val_loss
0;0.00044953683391213417;0.001;1.2377079201542074e-06
1;1.8010280200542184e-06;0.001;9.19797457754612e-07
